"Region","Year","Electricity","Investment","Consumption","Population","gdpPercap"
"安徽",2001,359.59,893.37,2739,6128,5716.05744125326
"北京",2001,399.94,1513.32,9057,1385,27880.8664259928
"福建",2001,439.19,1172.91,4770,3445,11822.641509434
"甘肃",2001,306.09,460.37,2099,2523,4460.56282203726
"广东",2001,1458.42,3484.43,5445,8733,13885.9498454139
"广西",2001,331.92,655.63,2572,4788,4760.44277360067
"贵州",2001,335.19,536.01,2178,3799,2983.15346143722
"海南",2001,42.96,213.32,2971,796,7276.38190954774
"河北",2001,867.55,1912.53,2749,6699,7557.69517838483
"河南",2001,808.41,1544.06,2381,9555,5790.68550497122
"黑龙江",2001,456.86,963.58,3333,3811,7985.83049068486
"湖北",2001,526.02,1486.55,2962,5658,6858.43054082715
"湖南",2001,439.78,1174.3,3242,6596,5809.42995755003
"吉林",2001,295.08,701.7,3651,2691,7063.91675956893
"江苏",2001,1078.44,2823.2,4123,7359,12850.6590569371
"江西",2001,222.28,631.84,2500,4186,5197.56330625896
"辽宁",2001,764.77,1421.19,4789,4194,12000.7153075823
"内蒙古",2001,280.89,503.63,2868,2381,7197.81604367913
"宁夏",2001,151.81,191.08,2611,563,5992.89520426288
"青海",2001,111.9,196.35,2598,523,5738.04971319312
"山东",2001,1104.53,2788.68,3726,9041,10038.933746267
"山西",2001,557.58,663.58,2180,3272,6202.62836185819
"陕西",2001,321.54,773.43,2857,3653,5503.96934026827
"上海",2001,592.98,2004.64,11660,1668,31520.9832134293
"四川",2001,589.57,1617.52,2707,8143,5272.62679602112
"天津",2001,247.94,705,6763,1004,17499.0039840637
"西藏",2001,NA,83.26,1937,264,5272.72727272727
"新疆",2001,197.92,706,2882,1876,7950.95948827292
"云南",2001,320.75,738.45,2256,4287,5036.15581992069
"浙江",2001,848.4,2834.94,5551,4729,14649.3973355889
"重庆",2001,220.54,697.03,2937,2829,7121.24425592082
"安徽",2002,389.94,1074.46,2988,6144,6229.98046875
"北京",2002,439.96,1796.14,10882,1423,31803.9353478566
"福建",2002,496.83,1253.08,5076,3476,12852.7042577675
"甘肃",2002,339.66,526.21,2301,2531,4867.64124851837
"广东",2002,1687.83,3850.78,6199,8842,15383.2843248134
"广西",2002,356.95,750.33,2755,4822,5233.72044794691
"贵州",2002,366.63,632.97,2337,3837,3240.55251498567
"海南",2002,49,225.41,3233,803,8003.73599003736
"河北",2002,965.83,2020.38,3081,6735,8194.35783221975
"河南",2002,916.25,1725.93,2553,9613,6278.47706231145
"黑龙江",2002,468.45,1046.17,3516,3813,8504.32730133753
"湖北",2002,561.96,1605.06,3263,5672,7427.36248236953
"湖南",2002,477.49,1347.96,3366,6629,6262.63388143008
"吉林",2002,306.29,834.23,3869,2699,7569.84068173398
"江苏",2002,1245.14,3450.12,4708,7406,14322.0361868755
"江西",2002,246.57,889.04,2651,4222,5804.1212695405
"辽宁",2002,809.45,1605.55,5095,4203,12986.4382583869
"内蒙古",2002,320.43,707.91,3341,2384,8141.35906040268
"宁夏",2002,178.76,226.98,2873,572,6594.4055944056
"青海",2002,125.51,232.35,2828,529,6440.45368620038
"山东",2002,1241.74,3483.31,3924,9082,11095.0231226602
"山西",2002,628.82,813.36,2720,3294,7057.68063145112
"陕西",2002,355.97,915.35,3093,3662,6153.46805024577
"上海",2002,645.71,2213.72,12627,1713,33829.5388207823
"四川",2002,660.51,1902.72,2914,8110,5826.14056720099
"天津",2002,274.39,807.51,7120,1007,19135.0546176763
"西藏",2002,NA,106.58,2304,268,6044.77611940299
"新疆",2002,214.6,800.09,3150,1905,8465.09186351706
"云南",2002,353.2,814.61,2463,4333,5443.57258250635
"浙江",2002,1010.72,3477.47,6098,4776,16835.6365159129
"重庆",2002,248.01,899.26,3204,2814,8101.63468372424
"安徽",2003,445.44,1418.69,3312,6163,6989.77770566283
"北京",2003,461.24,2169.26,12014,1456,36175.8241758242
"福建",2003,585.35,1496.37,5524,3502,14276.4134780126
"甘肃",2003,398.33,619.82,2592,2537,5517.93456838786
"广东",2003,2031.29,4813.2,7342,8963,17828.628807319
"广西",2003,414.93,921.3,2974,4857,5761.16944616018
"贵州",2003,551.07,748.12,2502,3870,3692.50645994832
"海南",2003,59.3,280.02,3485,811,8803.9457459926
"河北",2003,1098.99,2477.98,3271,6769,9356.77352637022
"河南",2003,1054.64,2262.97,3083,9667,7181.54546394952
"黑龙江",2003,503.63,1166.18,3919,3815,9461.86107470511
"湖北",2003,629.2,1809.45,3853,5685,8368.51363236588
"湖南",2003,546.95,1590.32,3729,6663,6993.8466156386
"吉林",2003,359.4,969.03,4557,2704,7917.89940828402
"江苏",2003,1505.13,5233,5261,7458,16683.9635290963
"江西",2003,299.53,1303.22,2739,4254,6611.89468735308
"辽宁",2003,886.88,2076.36,5159,4210,14029.216152019
"内蒙古",2003,406.62,1174.66,3565,2386,10010.0586756077
"宁夏",2003,212,317.99,3288,580,7631.03448275862
"青海",2003,158.51,255.62,3105,534,7209.73782771536
"山东",2003,1395.72,5315.14,4351,9125,11948.7123287671
"山西",2003,731.77,1100.86,3011,3314,8612.85455642728
"陕西",2003,421.92,1200.68,3335,3672,7047.11328976035
"上海",2003,745.97,2499.14,14013,1766,38527.7463193658
"四川",2003,758.79,2336.34,3203,8176,6538.89432485323
"天津",2003,313,1039.39,7789,1011,22332.3442136499
"西藏",2003,NA,133.96,2807,272,6838.23529411765
"新疆",2003,234.62,973.39,3171,1934,9768.35573940021
"云南",2003,409.79,1000.12,2587,4376,6017.82449725777
"浙江",2003,1240.35,4740.27,7033,4857,20081.1200329421
"重庆",2003,294.19,1161.51,3591,2803,9331.43061006065
"安徽",2004,515.94,1935.25,3707,6228,8235.54913294798
"北京",2004,510.11,2528.21,13425,1493,41878.7675820496
"福建",2004,664.35,1892.92,6144,3529,16186.171720034
"甘肃",2004,452,733.94,3016,2541,6507.67414403778
"广东",2004,2387.14,5870.02,8800,9111,20478.8716935572
"广西",2004,456.86,1236.51,3341,4889,6760.27817549601
"贵州",2004,583.26,865.23,2723,3904,4224.89754098361
"海南",2004,68.66,317.05,3847,818,9812.95843520782
"河北",2004,1291.41,3218.76,3758,6809,11144.9552063445
"河南",2004,1299.63,3099.38,3625,9717,8656.16959967068
"黑龙江",2004,541.65,1430.82,4212,3817,10832.3290542311
"湖北",2004,699.41,2264.81,4309,5698,9734.64373464373
"湖南",2004,662.61,2072.56,4355,6698,8275.0074649149
"吉林",2004,383.06,1169.1,4601,2709,9063.12292358804
"江苏",2004,1820.08,6557.05,5913,7523,19703.7086268776
"江西",2004,389.2,1713.2,3353,4284,7932.07282913165
"辽宁",2004,1058.1,2979.59,5492,4217,15342.1863884278
"内蒙古",2004,535.58,1787.95,4042,2393,12295.8629335562
"宁夏",2004,272.83,376.2,3873,588,8841.83673469388
"青海",2004,199.64,289.18,3443,539,8231.91094619666
"山东",2004,1693.71,6970.62,4924,9180,14496.8409586057
"山西",2004,841.55,1443.88,3676,3335,10482.7586206897
"陕西",2004,459.78,1508.89,3733,3681,8534.63732681337
"上海",2004,821.44,3050.26,15937,1835,44150.408719346
"四川",2004,857.02,2818.42,3656,8090,7792.33621755253
"天津",2004,350.97,1245.66,8621,1024,25596.6796875
"西藏",2004,NA,162.36,3139,276,7894.92753623188
"新疆",2004,265.9,1147.15,3445,1963,11056.5461029037
"云南",2004,475.19,1291.54,3315,4415,7103.9637599094
"浙江",2004,1419.53,5781.35,8174,4925,23313.9086294416
"重庆",2004,309.06,1537.05,4155,2793,10954.1711421411
"安徽",2005,582.16,2525.11,3870,6120,9274.34640522876
"北京",2005,570.54,2827.23,14662,1538,46487.6462938882
"福建",2005,756.59,2316.72,6793,3557,18036.2665167276
"甘肃",2005,489.48,870.36,3453,2545,7326.52259332024
"广东",2005,2673.56,6977.93,9799,9194,23888.405481836
"广西",2005,510.15,1661.17,3899,4660,8030.25751072961
"贵州",2005,486.97,998.25,3256,3730,5200.80428954424
"海南",2005,81.61,367.17,4165,828,10687.1980676328
"河北",2005,1501.92,4139.69,4270,6851,12806.0137206247
"河南",2005,1352.74,4311.63,4092,9380,10920.5756929638
"黑龙江",2005,555.85,1737.27,4822,3820,12451.3089005236
"湖北",2005,788.91,2676.58,4883,5710,11330.472854641
"湖南",2005,674.43,2629.07,4952,6326,10069.3961429023
"吉林",2005,378.23,1741.09,5191,2716,10222.7540500736
"江苏",2005,2193.45,8165.38,7066,7588,23881.5234580917
"江西",2005,391.98,2176.6,3821,4311,9142.19438645326
"辽宁",2005,1110.56,4200.45,6447,4221,17201.6109926558
"内蒙古",2005,667.72,2643.6,4967,2403,14663.7536412817
"宁夏",2005,302.88,443.25,4469,596,9729.86577181208
"青海",2005,206.56,329.81,3888,543,9197.05340699816
"山东",2005,1911.61,9307.3,5916,9248,17244.2690311419
"山西",2005,946.33,1826.58,4172,3355,12159.1654247392
"陕西",2005,516.43,1882.18,4182,3690,10344.7154471545
"上海",2005,921.97,3509.66,17894,1890,48661.9047619048
"四川",2005,942.59,3585.18,4130,8212,8762.66439357039
"天津",2005,384.84,1495.14,9504,1043,30283.7967401726
"西藏",2005,NA,181.39,2990,280,8682.14285714286
"新疆",2005,310.14,1339.06,3814,2010,12539.8009950249
"云南",2005,557.25,1777.63,3844,4450,7860
"浙江",2005,1642.31,6520.07,9558,4991,26103.5864556201
"重庆",2005,347.68,1933.16,4702,2798,12324.5175125089
"安徽",2006,662.18,3533.56,4409,6110,10638.7888707038
"北京",2006,611.57,3296.38,16487,1601,52386.0087445347
"福建",2006,866.84,2981.82,7971,3585,20832.9149232915
"甘肃",2006,536.33,1022.59,3810,2547,8649.39144091087
"广东",2006,3004.03,7973.37,10619,9442,27495.4458801101
"广西",2006,579.46,2198.72,4280,4719,9361.729179911
"贵州",2006,581.98,1197.43,3797,3690,6135.77235772358
"海南",2006,97.68,423.89,4819,836,12290.6698564593
"河北",2006,1734.83,5470.24,4924,6898,14559.2925485648
"河南",2006,1523.5,5904.71,4530,9392,12753.300681431
"黑龙江",2006,597.05,2236,5141,3823,13941.4072717761
"湖北",2006,876.76,3343.47,5480,5693,13229.9314948182
"湖南",2006,768.77,3175.52,5508,6342,11718.0700094607
"吉林",2006,412.46,2594.34,5710,2723,11849.0635328682
"江苏",2006,2569.75,10069.22,8182,7656,27743.9916405434
"江西",2006,446.2,2683.57,4117,4339,10824.6139663517
"辽宁",2006,1228.27,5689.64,6926,4271,19644.8138609225
"内蒙古",2006,884.91,3363.21,5746,2415,17233.1262939959
"宁夏",2006,377.85,498.75,5070,604,11312.9139072848
"青海",2006,244.41,408.54,4229,548,10678.8321167883
"山东",2006,2272.07,11111.42,7064,9309,20375.7653883339
"山西",2006,1097.68,2255.74,4883,3375,13966.2222222222
"陕西",2006,580.73,2480.69,4742,3699,12423.8983509057
"上海",2006,990.14,3900.04,20022,1964,53965.8859470468
"四川",2006,1059.44,4412.88,4501,8169,10398.7024115559
"天津",2006,433.65,1820.52,10609,1075,32913.488372093
"西藏",2006,13,231.14,2877,285,10031.5789473684
"新疆",2006,356.2,1567.05,4151,2050,14425.8536585366
"云南",2006,645.61,2208.6,4172,4483,9124.91635065804
"浙江",2006,1909.23,7590.22,11099,5072,30170.9384858044
"重庆",2006,405.2,2407.36,5323,2808,13889.9572649573
"安徽",2007,769.1,5087.53,5276,6118,12980.7126511932
"北京",2007,667.01,3907.2,18553,1676,62204.6539379475
"福建",2007,1000.33,4287.75,8943,3612,25818.3831672204
"甘肃",2007,614.74,1304.16,4298,2548,10498.8226059655
"广东",2007,3394.05,9294.26,12336,9660,32859.83436853
"广西",2007,681.14,2939.67,5114,4768,11482.3825503356
"贵州",2007,669.1,1488.8,4263,3632,7840.03303964758
"海南",2007,113.25,502.37,5630,845,14603.550295858
"河北",2007,2013.67,6884.68,5667,6943,17503.8167938931
"河南",2007,1808,8010.11,5141,9360,15838.141025641
"黑龙江",2007,628.94,2833.5,6037,3824,16020.6589958159
"湖北",2007,989.23,4330.36,6513,5699,16584.313037375
"湖南",2007,890.58,4154.76,6254,6355,14611.3296616837
"吉林",2007,462.64,3651.36,6675,2730,14946.1538461538
"江苏",2007,2952.02,12268.06,9530,7723,33650.653890975
"江西",2007,511.09,3301.94,4676,4368,13227.1062271062
"辽宁",2007,1359.51,7435.23,7934,4298,23946.4867380177
"内蒙古",2007,1160.21,4372.88,7062,2429,21271.7167558666
"宁夏",2007,439.78,599.8,5743,610,14386.8852459016
"青海",2007,285.44,482.84,4978,552,13045.2898550725
"山东",2007,2596.05,12537.7,8142,9367,24253.3361802071
"山西",2007,1348.81,2861.46,5693,3393,17493.6634246979
"陕西",2007,653.69,3415.02,5480,3708,15323.0852211435
"上海",2007,1072.38,4420.37,22889,2064,62396.8023255814
"四川",2007,1177.51,5639.8,5259,8127,12996.3086009598
"天津",2007,494.91,2353.15,12034,1115,37295.067264574
"西藏",2007,15,270.34,3166,289,11906.5743944637
"新疆",2007,413.32,1850.84,4831,2095,16706.4439140811
"云南",2007,745.52,2759.03,4658,4514,11248.1169694284
"浙江",2007,2189.37,8420.43,12730,5155,36159.0688651794
"重庆",2007,449.22,3127.74,6453,2816,16941.40625
"安徽",2008,858.88,6746.96,6006,6135,15513.7734311328
"北京",2008,689.72,3814.73,20113,1771,66702.9926595144
"福建",2008,1073.55,5207.68,10645,3639,30040.6705138774
"甘肃",2008,677.76,1712.78,4947,2551,12041.1603292826
"广东",2008,3504.82,10868.67,13911,9893,37101.1826544021
"广西",2008,753.39,3756.41,6152,4816,13404.0697674419
"贵州",2008,679.18,1864.45,4880,3596,9745.55061179088
"海南",2008,121.72,705.42,6134,854,17268.149882904
"河北",2008,2095.02,8866.56,6498,6989,20317.7850908571
"河南",2008,1970.77,10490.64,5877,9429,18809.9480326652
"黑龙江",2008,669.9,3655.97,7135,3825,18651.5032679739
"湖北",2008,1058.53,5647.01,7399,5711,20132.201015584
"湖南",2008,904.95,5534.04,7152,6380,17723.197492163
"吉林",2008,496.49,5038.92,7629,2734,17683.6137527432
"江苏",2008,3118.32,15300.55,10882,7762,39867.9464055656
"江西",2008,545.88,4745.43,5805,4400,15759.5454545455
"辽宁",2008,1412,10019.07,9690,4315,28129.0845886443
"内蒙古",2008,1220.57,5475.41,8354,2444,25541.7348608838
"宁夏",2008,439.62,828.85,7108,618,18433.6569579288
"青海",2008,313.23,583.24,5830,554,16189.5306859206
"山东",2008,2726.97,15435.93,9673,9417,28784.3262185409
"山西",2008,1314.33,3531.16,6519,3411,21175.6083260041
"陕西",2008,708.03,4614.42,6483,3718,19305.5406132329
"上海",2008,1138.22,4823.15,25167,2141,67897.7113498365
"四川",2008,1210.13,7127.81,6072,8138,15674.8586876382
"天津",2008,515.88,3389.79,14150,1176,44068.0272108844
"西藏",2008,16,309.91,3460,292,13636.9863013699
"新疆",2008,479.37,2259.97,5521,2131,19439.230408259
"云南",2008,829.44,3435.93,5465,4543,13243.6715826546
"浙江",2008,2322.87,9323,14264,5212,40837.6822716807
"重庆",2008,484.41,3979.59,7637,2839,20780.2042972878
"安徽",2009,952.31,8990.73,6829,6131,17720.9264394063
"北京",2009,739.15,4616.92,22023,1860,69359.6774193548
"福建",2009,1134.92,6231.2,11336,3666,33873.7043098745
"甘肃",2009,705.51,2363,5509,2555,12791.7808219178
"广东",2009,3609.64,12933.12,15243,10130,38958.2428430405
"广西",2009,856.35,5237.24,6968,4856,14647.6523887974
"贵州",2009,750.3,2412.02,5456,3537,10903.8733389878
"海南",2009,133.77,988.32,6695,864,18753.4722222222
"河北",2009,2343.85,12269.8,7193,7034,21761.3022462326
"河南",2009,2081.38,13704.5,6607,9487,20218.1933171709
"黑龙江",2009,688.67,5028.83,7922,3826,18868.0083638265
"湖北",2009,1135.13,7866.89,7791,5720,23063.1118881119
"湖南",2009,1010.57,7703.38,7929,6406,19938.8073680924
"吉林",2009,515.25,6411.6,8538,2740,19835.0364963504
"江苏",2009,3313.99,18949.87,11993,7810,44137.900128041
"江西",2009,609.22,6643.14,6212,4432,17215.7039711191
"辽宁",2009,1488.17,12292.49,10906,4341,29522.4602626123
"内蒙古",2009,1287.93,7336.79,9460,2458,28902.3596419854
"宁夏",2009,462.96,1075.91,7918,625,20267.2
"青海",2009,337.24,798.23,6501,557,16870.7360861759
"山东",2009,2941.07,19034.53,10494,9470,31194.0865892291
"山西",2009,1267.54,4943.16,6854,3427,20856.7259994164
"陕西",2009,740.11,6246.9,7154,3727,21459.0823718809
"上海",2009,1153.38,5043.75,26582,2210,71232.5791855204
"四川",2009,1324.61,11371.87,6863,8185,17337.3243738546
"天津",2009,550.16,4738.2,15200,1228,46495.1140065147
"西藏",2009,17.7,378.28,3985,296,15057.4324324324
"新疆",2009,547.88,2725.45,5945,2159,19624.8263084761
"云南",2009,891.19,4526.37,5976,4571,14382.8483920368
"浙江",2009,2471.44,10742.32,15867,5276,43278.4306292646
"重庆",2009,533.8,5214.28,8494,2859,23264.0783490731
"安徽",2010,1077.91,11542.94,8237,5957,22242.4038945778
"北京",2010,809.9,5402.95,24982,1962,76269.1131498471
"福建",2010,1315.09,8199.12,13187,3693,40624.153804495
"甘肃",2010,804.43,3158.34,6234,2560,15405.078125
"广东",2010,4060.13,15623.7,17211,10441,44004.0226031989
"广西",2010,993.24,7057.56,7920,4610,18551.8438177874
"贵州",2010,835.38,3104.92,6218,3479,12989.3647599885
"海南",2010,159.02,1317.04,7553,869,23250.8630609896
"河北",2010,2691.52,15083.35,8057,7194,25025.8548790659
"河南",2010,2353.96,16585.86,7837,9405,24088.2509303562
"黑龙江",2010,747.84,6812.56,9121,3833,21675.7109313853
"湖北",2010,1330.44,10262.7,8977,5728,28329.0851955307
"湖南",2010,1171.91,9663.58,8922,6570,23705.1750380518
"吉林",2010,576.98,7870.38,9241,2747,23336.366945759
"江苏",2010,3864.37,23184.28,14035,7869,52591.0535010802
"江西",2010,700.51,8772.27,7989,4462,21029.1349170775
"辽宁",2010,1715.26,16043.03,13016,4375,31762.9714285714
"内蒙古",2010,1536.83,8926.46,10925,2472,33171.1165048544
"宁夏",2010,546.77,1444.16,8992,633,24829.3838862559
"青海",2010,465.18,1016.87,7326,563,20323.2682060391
"山东",2010,3298.46,23280.52,11606,9588,35380.1627033792
"山西",2010,1460,6063.17,8447,3574,24912.9826524902
"陕西",2010,859.22,7963.67,8474,3735,26359.3038821954
"上海",2010,1295.87,5108.9,32271,2303,77791.5762049501
"四川",2010,1549.03,13116.72,8182,8045,21410.5655686762
"天津",2010,645.74,6278.09,17852,1299,52585.06543495
"西藏",2010,20.41,462.67,4469,300,17096.6666666667
"新疆",2010,661.96,3423.24,7400,2185,24531.8077803204
"云南",2010,1004.07,5528.71,6811,4602,16808.5614950022
"浙江",2010,2820.93,12376.04,18274,5447,50302.7354507068
"重庆",2010,626.44,6688.91,9723,2885,27955.979202773
"安徽",2011,1221.19,12455.69,10055,5972,27268.7541862023
"北京",2011,821.71,5578.93,27760,2024,84924.9011857708
"福建",2011,1515.86,9910.89,14958,3784,47351.2156448203
"甘肃",2011,923.45,3965.79,7493,2552,18875
"广东",2011,4399.02,17069.2,19578,10756,49342.5065079955
"广西",2011,1112.21,7990.66,9181,4655,22126.5306122449
"贵州",2011,944.13,4235.92,7389,3530,15908.2152974504
"海南",2011,185.28,1657.23,9238,890,27683.1460674157
"河北",2011,2984.9,16389.33,9551,7232,29569.5519911504
"河南",2011,2659.14,17768.95,9171,9461,27818.0953387591
"黑龙江",2011,801.87,7475.38,10634,3782,26269.1697514543
"湖北",2011,1450.76,12557.34,10873,5760,34622.3958333333
"湖南",2011,1293.44,11880.92,10547,6581,28741.832548245
"吉林",2011,630.15,7441.71,10811,2725,28383.8532110092
"江苏",2011,4281.62,26692.62,17167,8023,60873.9872865512
"江西",2011,835.1,9087.6,9523,4474,25892.9369691551
"辽宁",2011,1861.53,17726.29,15635,4379,37348.4813884449
"内蒙古",2011,1864.07,10365.17,13264,2470,38291.9028340081
"宁夏",2011,724.54,1644.74,10937,648,29811.7283950617
"青海",2011,560.68,1435.58,8744,568,24126.7605633803
"山东",2011,3635.26,26749.68,13524,9665,40418.9342990171
"山西",2011,1650.41,7073.06,9746,3562,30585.064570466
"陕西",2011,982.47,9431.08,10053,3765,32337.583001328
"上海",2011,1339.62,4962.07,35439,2356,84930.8149405773
"四川",2011,1751.44,14222.22,9903,8064,26104.7867063492
"天津",2011,695.15,7067.67,20624,1341,60495.8985831469
"西藏",2011,23.77,516.31,4730,309,19789.644012945
"新疆",2011,839.1,4632.14,8895,2225,29357.3033707865
"云南",2011,1204.07,6191,8278,4620,20612.7705627706
"浙江",2011,3116.91,14185.28,21346,5570,57189.9461400359
"重庆",2011,717.03,7473.38,11832,2944,34514.9456521739
"安徽",2012,1361.1,15425.8,10978,5978,30682.0006691201
"北京",2012,874.3,6112.4,30350,2078,91552.9355149182
"福建",2012,1579.5,12439.9,16144,3841,52566.2587867743
"甘肃",2012,994.6,5145,8542,2550,21149.4117647059
"广东",2012,4619.4,18751.5,21823,11041,51632.7325423422
"广西",2012,1153.9,9808.6,10519,4694,24080.954409885
"贵州",2012,1046.7,5717.8,8372,3587,18796.2085308057
"海南",2012,210.3,2145.4,10634,910,30652.7472527473
"河北",2012,3077.7,19661.3,10749,7262,31778.4356926467
"河南",2012,2747.7,21450,10380,9532,30383.8648762065
"黑龙江",2012,827.9,9694.7,11601,3724,29580.5585392052
"湖北",2012,1507.9,15578.3,12283,5781,39077.841203944
"湖南",2012,1346.5,14523.2,11740,6590,32180.8801213961
"吉林",2012,637,9511.5,12276,2698,32164.5663454411
"江苏",2012,4580.9,30854.2,19452,8120,66135.3448275862
"江西",2012,867.7,10774.2,10573,4475,28620.5586592179
"辽宁",2012,1899.9,21836.3,17999,4375,40796.8
"内蒙古",2012,2016.8,11875.7,15196,2464,42492.288961039
"宁夏",2012,741.8,2096.9,12120,659,32336.8740515933
"青海",2012,602.2,1883.4,10289,571,26768.826619965
"山东",2012,3794.6,31256,15095,9708,44249.3819530284
"山西",2012,1765.8,8863.3,10829,3548,32928.6922209696
"陕西",2012,1066.7,12044.5,11852,3787,37344.5999471877
"上海",2012,1353.4,5117.6,36893,2399,88810.3376406836
"四川",2012,1830.7,17040,11280,8085,29588.6209029066
"天津",2012,722.5,7934.8,22984,1378,65624.0928882438
"西藏",2012,27.8,670.5,5340,315,22546.0317460317
"新疆",2012,1151.5,6158.8,10675,2253,32897.4700399467
"云南",2012,1315.9,7831.1,9782,4631,23963.2908659037
"浙江",2012,3210.6,17649.4,22845,5685,60479.1556728232
"重庆",2012,723.5,8736.2,13655,2975,38976.1344537815
"安徽",2013,1528.1,18621.9,11618,5988,34375.41750167
"北京",2013,913.1,6847.06,33337,2125,99456.9411764706
"福建",2013,1700.7,15327.44,17115,3885,57924.8391248391
"甘肃",2013,1073.2,6527.94,9616,2537,23707.1344107213
"广东",2013,4830.1,22308.39,23739,11270,55459.9822537711
"广西",2013,1237.7,11907.67,11710,4731,26312.4075248362
"贵州",2013,1126.3,7373.6,9541,3632,21952.3678414097
"海南",2013,232,2697.93,11712,920,33868.4782608696
"河北",2013,3251.2,23194.23,11557,7288,33287.0472008782
"河南",2013,2899.2,26087.46,11782,9573,33043.4555520735
"黑龙江",2013,845.2,11453.08,12978,3666,32321.6039279869
"湖北",2013,1629.8,19307.33,13912,5798,43770.2656088306
"湖南",2013,1423.1,17841.4,12920,6600,35674.5454545455
"吉林",2013,653.8,9979.26,13676,2668,35336.9565217391
"江苏",2013,4956.6,36373.32,23585,8192,72447.998046875
"江西",2013,947.1,12850.25,11910,4476,31948.6148346738
"辽宁",2013,2008.5,25107.66,20156,4365,44006.4146620848
"内蒙古",2013,2181.9,14217.38,17168,2455,46404.8879837067
"宁夏",2013,811.2,2651.14,13537,666,34950.4504504505
"青海",2013,676.3,2361.09,12070,571,30005.2539404553
"山东",2013,4083.1,36789.07,16728,9746,48578.1859224297
"山西",2013,1832.3,11031.89,12078,3535,33910.0424328147
"陕西",2013,1152.2,14884.15,13206,3804,41812.3028391167
"上海",2013,1410.6,5647.79,39223,2448,94787.9901960784
"四川",2013,1949,20326.11,12485,8109,32701.9361203601
"天津",2013,774.5,9130.25,26261,1410,70534.7517730496
"西藏",2013,30.7,876,6275,317,26126.1829652997
"新疆",2013,1539.8,7732.3,11401,2285,36729.1028446389
"云南",2013,1459.8,9968.3,11224,4641,27635.2079293256
"浙江",2013,3453.1,20782.11,24771,5784,64548.0636237898
"重庆",2013,813.3,10435.24,15423,3011,43266.6888077051
"安徽",2014,1585.18,21875.58,12944,5997,37551.6091379023
"北京",2014,937.05,6924.23,36057,2171,105601.105481345
"福建",2014,1855.79,18177.86,19099,3945,63224.588086185
"甘肃",2014,1095.48,7884.13,10678,2531,25754.2473330699
"广东",2014,5235.23,26293.93,24582,11489,59337.6272956741
"广西",2014,1307.99,13843.22,12944,4770,28485.9538784067
"贵州",2014,1173.74,9025.75,11362,3677,24947.239597498
"海南",2014,251.88,3112.23,12915,936,36848.2905982906
"河北",2014,3314.11,26671.92,12171,7323,34424.2796668032
"河南",2014,2919.57,30782.17,13078,9645,35847.3820632452
"黑龙江",2014,859.42,9828.99,15215,3608,33732.8159645233
"湖北",2014,1656.54,22915.3,15762,5816,48559.3191196699
"湖南",2014,1430.88,21242.92,14384,6611,39148.8428376947
"吉林",2014,667.81,11339.62,13663,2642,37723.315669947
"江苏",2014,5012.54,41938.62,28316,8281,78288.2502113271
"江西",2014,1018.52,15079.26,12000,4480,34972.7678571429
"辽宁",2014,2038.73,24730.8,22260,4358,45951.5832950895
"内蒙古",2014,2416.74,17591.83,19827,2449,49645.5696202532
"宁夏",2014,848.75,3173.79,15193,678,36488.2005899705
"青海",2014,723.21,2861.23,13534,576,32078.125
"山东",2014,4223.49,42495.55,19184,9808,51768.7601957586
"山西",2014,1822.63,12354.53,12622,3528,34282.029478458
"陕西",2014,1226.01,17191.92,14812,3827,45472.9553174811
"上海",2014,1369.03,6016.43,43007,2467,102431.293068504
"四川",2014,2014.79,23318.57,13755,8139,35497.3583978376
"天津",2014,794.36,10518.19,28492,1429,74461.8614415675
"西藏",2014,33.98,1069.23,7205,325,28913.8461538462
"新疆",2014,1900.24,9447.74,12435,2325,39847.311827957
"云南",2014,1529.38,11498.53,12235,4653,30177.7347947561
"浙江",2014,3506.39,24262.77,26885,5890,67951.6129032258
"重庆",2014,867.24,12285.42,17262,3043,48057.1804140651
"安徽",2015,1639.79,24385.97,13941,6011,39645.982365663
"北京",2015,952.72,7495.99,39200,2188,113250
"福建",2015,1851.86,21301.38,20828,3984,67318.0220883534
"甘肃",2015,1098.72,8754.23,11868,2523,25987.3166864843
"广东",2015,5310.69,30343.03,26365,11678,63994.1770851173
"广西",2015,1334.32,16227.78,13857,4811,30758.2623155269
"贵州",2015,1174.21,10945.54,12876,3708,28427.7238403452
"海南",2015,272.36,3451.22,17019,945,39515.3439153439
"河北",2015,3175.66,29448.27,12829,7345,35940.6398910824
"河南",2015,2879.62,35660.35,14507,9701,38227.0899907226
"黑龙江",2015,868.97,10182.94,16443,3529,33125.5313119864
"湖北",2015,1665.16,26563.9,17429,5850,51870.0854700855
"湖南",2015,1447.63,25045.08,16289,6615,43142.2524565382
"吉林",2015,651.96,12705.29,14630,2613,38339.0738614619
"江苏",2015,5114.7,46246.87,31682,8315,85695.6103427541
"江西",2015,1087.26,17388.13,14489,4485,37415.607580825
"辽宁",2015,1984.89,17917.89,23693,4338,46588.9810972799
"内蒙古",2015,2542.87,13702.22,20835,2440,53069.6721311475
"宁夏",2015,878.33,3505.45,17210,684,37710.5263157895
"青海",2015,658,3210.63,15167,577,34852.6863084922
"山东",2015,5117.05,48312.44,20684,9866,56039.7324143523
"山西",2015,1737.21,14074.15,14364,3519,33635.6919579426
"陕西",2015,1221.73,18582.24,15363,3846,46538.741549662
"上海",2015,1405.55,6352.7,45816,2458,109385.679414158
"四川",2015,1992.4,25525.9,14774,8196,37020.4978038067
"天津",2015,800.6,11831.99,32595,1439,75604.5865184156
"西藏",2015,40.53,1295.68,8756,330,31606.0606060606
"新疆",2015,2160.34,10813.03,13684,2385,39022.641509434
"云南",2015,1438.61,13500.62,13401,4663,32082.3504181857
"浙江",2015,3553.9,27323.32,28712,5985,72694.5697577277
"重庆",2015,875.37,14353.24,18860,3070,52249.1856677524
"安徽",2016,1794.98,27033.38,15466,6033,43606.3318415382
"北京",2016,1020.27,7943.89,48883,2195,123194.533029613
"福建",2016,1968.58,23237.35,23355,4016,73728.5856573705
"甘肃",2016,1065.15,9663.99,13086,2520,27412.3015873016
"广东",2016,5610.13,33303.64,28495,11908,68998.3204568357
"广西",2016,1359.65,18236.78,15013,4857,33182.2112415071
"贵州",2016,1241.78,13204,14666,3758,31379.4571580628
"海南",2016,287.31,3890.45,18431,957,42739.8119122257
"河北",2016,3264.52,31750.02,14328,7375,38608.9491525424
"河南",2016,2989.15,40415.09,16043,9778,41163.1212926979
"黑龙江",2016,896.62,10648.35,17393,3463,34348.8304937915
"湖北",2016,1763.11,30011.65,19391,5885,56674.5964316058
"湖南",2016,1495.65,28353.33,17490,6625,46571.320754717
"吉林",2016,667.63,13923.2,13786,2567,40619.400077912
"江苏",2016,5458.95,49663.21,35875,8381,92293.1631070278
"江西",2016,1182.5,19694.21,16040,4496,40899.9110320285
"辽宁",2016,2037.4,6692.25,23670,4327,47128.4954934135
"内蒙古",2016,2605.03,15080.01,22293,2436,56606.3218390805
"宁夏",2016,886.91,3794.25,18570,695,40020.1438848921
"青海",2016,637.51,3528.05,16751,582,38800.6872852234
"山东",2016,5390.75,53322.94,25860,9973,58921.5882883786
"山西",2016,1797.18,14197.98,15065,3514,33996.5850882186
"陕西",2016,1357.06,20825.25,16657,3874,49163.1388745483
"上海",2016,1486.02,6755.88,49617,2467,121147.142278071
"四川",2016,2101.02,28811.95,16013,8251,40163.0105441765
"天津",2016,807.93,12779.39,36257,1443,79537.0755370755
"西藏",2016,49.22,1596.05,9743,340,34500
"新疆",2016,2316.46,10287.53,15247,2428,39665.568369028
"云南",2016,1410.52,16119.4,14534,4677,34998.9309386359
"浙江",2016,3873.19,30276.07,30743,6072,77822.7931488801
"重庆",2016,924.89,16048.1,21032,3110,57951.768488746
"安徽",2017,1921.48,29275.06,17141,6057,48994.8819547631
"北京",2017,1066.89,8370.44,52912,2194,136203.281677302
"福建",2017,2112.72,26416.28,25969,4065,83253.1365313653
"甘肃",2017,1164.37,5827.75,14203,2522,29090.8009516257
"广东",2017,5958.97,37761.75,30762,12141,75486.945062186
"广西",2017,1444.95,20499.11,16064,4907,36255.75708172
"贵州",2017,1384.89,15503.86,16349,3803,35775.4404417565
"海南",2017,304.95,4244.4,20939,972,46270.5761316872
"河北",2017,3441.74,33406.8,15893,7409,41356.1884194898
"河南",2017,3166.17,44496.93,17842,9829,45604.741072337
"黑龙江",2017,928.57,11291.98,18859,3399,36225.3604001177
"湖北",2017,1869,32282.36,21642,5904,63067.4119241192
"湖南",2017,1581.51,31959.23,19418,6633,50999.6984773104
"吉林",2017,702.98,13283.89,15083,2526,43238.3214568488
"江苏",2017,5807.89,53277.03,39796,8423,101946.812299656
"江西",2017,1293.98,22085.34,17290,4511,44803.3695411217
"辽宁",2017,2135.5,6676.74,24866,4312,50308.4415584416
"内蒙古",2017,2891.87,14013.16,23909,2433,61233.4566378956
"宁夏",2017,978.3,3728.38,21058,705,45394.3262411348
"青海",2017,687.01,3883.55,18020,586,42066.5529010239
"山东",2017,5430.16,55202.72,28353,10033,62804.8440147513
"山西",2017,1990.61,6040.54,18132,3510,41265.811965812
"陕西",2017,1494.75,23819.38,18485,3904,55003.8422131148
"上海",2017,1526.77,7246.6,53617,2466,133515.815085158
"四川",2017,2205.18,31902.08,17920,8289,45729.4004101822
"天津",2017,805.59,11288.92,38975,1410,88302.1276595745
"西藏",2017,58.19,1975.6,10990,349,38653.2951289398
"新疆",2017,2542.85,12089.12,16736,2480,44999.5967741935
"云南",2017,1538.1,18935.99,15831,4693,39390.5817174515
"浙江",2017,4192.63,31696.03,33851,6170,84932.0907617504
"重庆",2017,996.55,17537.05,22927,3144,63824.1094147583
